{
    "clustering_parameters": {
        "epsilon_value": 0.5,
        "min_samples": 5
    },
    "summary": {
        "number_of_wires": 7,
        "wires_fitted": 7,
        "wires_failed": []
    },
    "wires": {
        "wire_0": {
            "x0": 0.16912132165297014,
            "y0": 6.451227731508017,
            "c": 148.0260855975143
        },
        "wire_1": {
            "x0": -0.44731130909286737,
            "y0": 6.50310178851706,
            "c": 151.07236551623274
        },
        "wire_2": {
            "x0": 0.9541416581984034,
            "y0": 10.00015882353458,
            "c": 200.90042322067524
        },
        "wire_3": {
            "x0": -0.39931920534594945,
            "y0": 6.523527330310523,
            "c": 155.50284299577697
        },
        "wire_4": {
            "x0": 0.2886515155190057,
            "y0": 9.996829818112953,
            "c": 199.87590943586417
        },
        "wire_5": {
            "x0": 0.4986852372941591,
            "y0": 9.999759113261266,
            "c": 202.17743615368465
        },
        "wire_6": {
            "x0": 0.14247578163297472,
            "y0": 6.499972138568536,
            "c": 152.81826568336623
        }
    }
}