{
    "wire_0": {
        "x0": 0.8578404739670262,
        "y0": 10.0016581594244,
        "c": 199.7019147587255
    },
    "wire_1": {
        "x0": -0.35633069688015384,
        "y0": 10.001562031454702,
        "c": 202.4510366045389
    },
    "wire_2": {
        "x0": 0.17258114575546232,
        "y0": 9.997828059778818,
        "c": 201.16211203440506
    }
}