{
    "clustering_parameters": {
        "epsilon_value": 0.5,
        "min_samples": 5
    },
    "summary": {
        "number_of_wires": 3,
        "wires_fitted": 3,
        "wires_failed": []
    },
    "wires": {
        "wire_0": {
            "x0": 0.2662674233936242,
            "y0": 10.002226334960985,
            "c": 200.45855150701954
        },
        "wire_1": {
            "x0": -0.06244937204909219,
            "y0": 9.996710735612469,
            "c": 201.41870912346602
        },
        "wire_2": {
            "x0": 1.6145294301256736,
            "y0": 9.996246373309816,
            "c": 198.43309348254712
        }
    }
}