{
    "clustering_parameters": {
        "epsilon_value": 0.5,
        "min_samples": 5
    },
    "summary": {
        "number_of_wires": 3,
        "wires_fitted": 3,
        "wires_failed": []
    },
    "wires": {
        "wire_0": {
            "x0": 0.8220328345860954,
            "y0": 9.998823295499315,
            "c": 211.60446208768656
        },
        "wire_1": {
            "x0": -0.17493427269369957,
            "y0": 9.999862540452753,
            "c": 208.69294902806746
        },
        "wire_2": {
            "x0": 0.30001199888508534,
            "y0": 9.998511783999874,
            "c": 203.1951868996089
        }
    }
}